id,first_name,last_name,email,gender,ip_address
1,Gabby,McLaren,gmclaren0@amazon.co.jp,Male,164.98.148.106
2,Inger,Cockland,icockland1@about.me,Male,170.122.3.227
3,Darcie,Giacubo,dgiacubo2@chicagotribune.com,Non-binary,168.255.37.54
4,Ettie,Redhead,eredhead3@samsung.com,Female,235.32.226.166
5,Tildi,Adelsberg,tadelsberg4@netlog.com,Female,135.2.64.133
6,Petronille,Poltun,ppoltun5@yandex.ru,Female,144.111.23.211
7,Bernadene,Mathes,bmathes6@51.la,Female,31.180.157.82
8,Caitlin,Bench,cbench7@archive.org,Female,33.253.13.52
9,Thebault,Prattington,tprattington8@google.it,Male,122.201.13.175
10,Kacie,McCarty,kmccarty9@miibeian.gov.cn,Female,249.18.99.113
11,Alberta,Glandfield,aglandfielda@php.net,Female,210.219.12.31
12,Erica,Andryszczak,eandryszczakb@diigo.com,Bigender,87.82.173.129
13,Louella,Tippell,ltippellc@craigslist.org,Female,16.51.204.121
14,Sheena,Brayson,sbraysond@noaa.gov,Female,128.122.97.147
15,Agace,De Micoli,ademicolie@tripadvisor.com,Female,136.199.160.239
16,Jordon,Hook,jhookf@un.org,Male,177.2.124.160
17,Giorgia,Armstead,garmsteadg@desdev.cn,Agender,161.190.235.142
18,Patrice,Sneddon,psneddonh@salon.com,Female,117.50.221.182
19,Delmer,Bosward,dboswardi@technorati.com,Male,102.17.228.81
20,Rafi,McEnhill,rmcenhillj@theglobeandmail.com,Male,190.17.140.227
21,Morlee,Perry,mperryk@alibaba.com,Male,4.26.84.9
22,Olga,Vaudrey,ovaudreyl@china.com.cn,Female,251.75.200.47
23,Judith,Eglaise,jeglaisem@dell.com,Female,125.20.8.86
24,Flemming,Clere,fcleren@devhub.com,Male,203.131.18.110
25,Cayla,Ambrogelli,cambrogellio@seesaa.net,Female,133.155.75.222
26,Riva,Vittore,rvittorep@com.com,Female,16.170.24.140
27,Allissa,Graveson,agravesonq@adobe.com,Female,235.8.33.72
28,Ondrea,Bontoft,obontoftr@epa.gov,Female,12.133.63.241
29,Stanford,Orchard,sorchards@ebay.co.uk,Male,149.246.82.110
30,Duffy,Ranken,drankent@comcast.net,Male,32.81.53.82
31,Tyler,Rathjen,trathjenu@plala.or.jp,Male,34.175.123.199
32,Jake,Snoddon,jsnoddonv@mysql.com,Male,197.186.114.166
33,Guss,Corinton,gcorintonw@apple.com,Bigender,17.88.231.129
34,Deanne,Blakeman,dblakemanx@ezinearticles.com,Female,144.28.25.209
35,Izabel,Jakuszewski,ijakuszewskiy@dailymotion.com,Polygender,203.236.38.236
36,Hilario,Plevey,hpleveyz@w3.org,Male,250.80.112.79
37,Ingelbert,McDonnell,imcdonnell10@msn.com,Male,191.242.79.203
38,Cello,Lawlance,clawlance11@psu.edu,Male,6.223.167.245
39,Lefty,Alderton,lalderton12@nsw.gov.au,Male,72.217.190.193
40,Kirsten,Cater,kcater13@businesswire.com,Bigender,153.64.156.11
41,Drugi,Jurczyk,djurczyk14@cbc.ca,Male,199.77.31.19
42,Gabriel,Busk,gbusk15@howstuffworks.com,Male,26.163.115.109
43,Cart,Kowalik,ckowalik16@bravesites.com,Male,27.147.189.200
44,Boycey,Pedri,bpedri17@senate.gov,Male,116.110.8.11
45,Aleece,Glander,aglander18@salon.com,Female,100.161.125.19
46,Ruggiero,Delahunt,rdelahunt19@fc2.com,Male,248.43.0.215
47,Dane,Silkstone,dsilkstone1a@miibeian.gov.cn,Male,231.166.195.168
48,Tarra,Geillier,tgeillier1b@globo.com,Female,111.134.151.63
49,Vanya,Gianettini,vgianettini1c@xinhuanet.com,Male,73.207.105.96
50,Albertina,Drysdall,adrysdall1d@blogger.com,Female,70.55.221.98
51,Solomon,Foan,sfoan1e@flickr.com,Agender,167.85.83.73
52,Kipper,Summerlad,ksummerlad1f@shinystat.com,Male,50.243.140.54
53,Albert,Howley,ahowley1g@yale.edu,Polygender,37.74.119.137
54,Mason,Ramshaw,mramshaw1h@github.com,Male,75.115.182.221
55,Lorrie,Fergie,lfergie1i@cargocollective.com,Female,221.207.181.157
56,Ailbert,Mingay,amingay1j@istockphoto.com,Male,191.66.187.11
57,Rabi,Gason,rgason1k@usda.gov,Male,98.149.159.97
58,Morganne,Murrells,mmurrells1l@noaa.gov,Female,31.33.3.146
59,Henry,Halversen,hhalversen1m@nhs.uk,Male,242.0.33.15
60,Henderson,Jeskin,hjeskin1n@soup.io,Male,129.24.30.160
61,Thebault,Grainge,tgrainge1o@cnet.com,Male,77.239.153.205
62,Minne,Anniwell,manniwell1p@e-recht24.de,Female,47.116.141.17
63,Bibbye,Garrique,bgarrique1q@yelp.com,Female,70.140.37.240
64,Augustin,Syde,asyde1r@pbs.org,Male,131.43.30.191
65,Hogan,Yitzhok,hyitzhok1s@newsvine.com,Male,151.141.82.68
66,Spike,Marcussen,smarcussen1t@si.edu,Male,112.234.61.20
67,Hastie,Haythornthwaite,hhaythornthwaite1u@businessweek.com,Genderfluid,169.6.167.195
68,Iorgo,Alejandre,ialejandre1v@geocities.jp,Male,59.131.169.26
69,Stephen,Blackhurst,sblackhurst1w@comcast.net,Male,184.75.207.220
70,Quintana,Halhead,qhalhead1x@diigo.com,Female,145.12.192.226
71,Carmon,Wenzel,cwenzel1y@theguardian.com,Agender,92.196.17.208
72,Melita,Syers,msyers1z@usa.gov,Female,177.222.213.145
73,Carlita,Ranscomb,cranscomb20@domainmarket.com,Female,39.102.123.231
74,Norman,Plowell,nplowell21@nih.gov,Male,176.229.0.177
75,Curtis,Labbett,clabbett22@usgs.gov,Male,5.131.101.35
76,Felisha,Python,fpython23@xing.com,Agender,163.16.158.219
77,Dione,Newham,dnewham24@simplemachines.org,Female,245.62.169.167
78,Neel,Duffet,nduffet25@google.fr,Male,44.150.203.245
79,Annabelle,Verick,averick26@hud.gov,Female,71.107.243.151
80,Elisabetta,Melross,emelross27@webs.com,Female,196.165.185.110
81,Ericha,Cowerd,ecowerd28@xinhuanet.com,Female,106.201.180.51
82,Dane,Pendred,dpendred29@accuweather.com,Male,32.20.190.121
83,Zilvia,Mundell,zmundell2a@discovery.com,Female,182.189.99.181
84,Hal,English,henglish2b@reference.com,Male,197.44.155.247
85,Leah,Pinfold,lpinfold2c@techcrunch.com,Female,116.6.172.120
86,Valentijn,Gladwell,vgladwell2d@digg.com,Male,130.62.219.104
87,Royce,Hoffner,rhoffner2e@storify.com,Male,115.236.245.59
88,Layla,Fydoe,lfydoe2f@economist.com,Female,91.237.8.73
89,Averil,Lower,alower2g@example.com,Male,46.64.253.34
90,Emelda,De Hooch,edehooch2h@go.com,Polygender,111.102.144.25
91,Hy,Bonnesen,hbonnesen2i@bravesites.com,Male,32.22.102.210
92,Darby,Lidgely,dlidgely2j@cocolog-nifty.com,Male,103.98.103.235
93,Fara,Bidwell,fbidwell2k@gov.uk,Female,5.231.176.144
94,Iver,Anlay,ianlay2l@csmonitor.com,Male,236.252.178.15
95,Hinze,Shewon,hshewon2m@tuttocitta.it,Male,82.156.40.172
96,Tisha,Belchambers,tbelchambers2n@seesaa.net,Female,5.137.129.118
97,Farley,Lipyeat,flipyeat2o@arstechnica.com,Male,163.134.243.255
98,Mohammed,Inkin,minkin2p@pcworld.com,Male,96.105.170.206
99,Blinni,Kordes,bkordes2q@imgur.com,Genderfluid,231.246.2.82
100,Kipper,Pomfrett,kpomfrett2r@usnews.com,Male,67.216.240.84
101,Erie,Butt Gow,ebuttgow2s@businesswire.com,Male,220.18.173.120
102,Andres,D'Almeida,adalmeida2t@wired.com,Male,114.66.194.100
103,Jeremiah,Wardhaw,jwardhaw2u@microsoft.com,Male,1.201.139.78
104,Sharai,Bliven,sbliven2v@jugem.jp,Bigender,79.13.176.70
105,Jeremie,Pridham,jpridham2w@webs.com,Male,177.167.164.152
106,Conan,Markie,cmarkie2x@admin.ch,Male,139.230.120.57
107,Madelena,O'Hingerty,mohingerty2y@unblog.fr,Female,234.135.0.54
108,Mord,Parcell,mparcell2z@cisco.com,Male,56.61.25.69
109,Chloette,Edinburgh,cedinburgh30@zdnet.com,Female,76.171.240.242
110,Bastian,Attersoll,battersoll31@cnet.com,Male,142.84.99.153
111,Stacie,Gouley,sgouley32@edublogs.org,Female,91.53.4.85
112,Jelene,Conibere,jconibere33@symantec.com,Female,158.171.185.204
113,Cary,Pllu,cpllu34@mail.ru,Male,133.97.53.0
114,Julianna,Giabuzzi,jgiabuzzi35@php.net,Female,59.8.26.244
115,Bernette,Lyndon,blyndon36@narod.ru,Female,45.111.42.28
116,Kelila,Millions,kmillions37@census.gov,Female,179.49.80.10
117,Shepperd,Roels,sroels38@mozilla.com,Male,55.27.29.227
118,Dulcia,Janczewski,djanczewski39@businessweek.com,Female,46.249.203.84
119,Luis,Gunn,lgunn3a@hud.gov,Male,29.50.34.87
120,Brok,Dayce,bdayce3b@comcast.net,Male,143.49.165.197
121,Cletus,Stearne,cstearne3c@unblog.fr,Male,109.30.82.66
122,Veriee,Casaccio,vcasaccio3d@msu.edu,Female,157.11.140.175
123,Durant,Jeratt,djeratt3e@archive.org,Male,197.1.236.166
124,Mar,Davidov,mdavidov3f@yahoo.co.jp,Male,26.111.227.84
125,Alain,Yegoshin,ayegoshin3g@sbwire.com,Male,101.249.16.19
126,Port,Ovenden,povenden3h@imgur.com,Male,196.209.32.161
127,Juditha,Tolomelli,jtolomelli3i@wix.com,Agender,85.123.132.95
128,Mercy,Risely,mrisely3j@phoca.cz,Female,29.11.147.46
129,Regina,Braiden,rbraiden3k@furl.net,Female,138.234.69.113
130,Josee,Castellone,jcastellone3l@elpais.com,Female,204.181.185.253
131,William,Teacy,wteacy3m@so-net.ne.jp,Male,3.244.23.91
132,Clay,Ashbey,cashbey3n@eventbrite.com,Genderfluid,194.186.142.2
133,Ivett,Fairburn,ifairburn3o@whitehouse.gov,Agender,232.245.89.153
134,Corabella,Haire,chaire3p@ehow.com,Female,94.170.51.176
135,Wes,Skin,wskin3q@exblog.jp,Male,169.104.27.174
136,Gabrielle,Kliche,gkliche3r@geocities.com,Female,124.113.136.140
137,Helene,Kruschev,hkruschev3s@cdc.gov,Female,192.223.149.97
138,Mella,Connor,mconnor3t@gravatar.com,Female,1.109.145.113
139,Kylie,Matresse,kmatresse3u@webs.com,Male,202.225.222.32
140,Olag,Simeonov,osimeonov3v@google.co.uk,Male,251.187.48.49
141,Gilbert,Jirousek,gjirousek3w@newyorker.com,Male,94.155.62.187
142,Scarface,Siveyer,ssiveyer3x@un.org,Male,46.46.109.136
143,Natale,Wyllis,nwyllis3y@washingtonpost.com,Male,243.81.137.90
144,Karlie,Tisor,ktisor3z@usatoday.com,Female,41.137.251.113
145,Giles,Letessier,gletessier40@dailymail.co.uk,Polygender,51.35.219.158
146,Roxi,Brill,rbrill41@chron.com,Female,216.35.187.30
147,Gracie,Knottley,gknottley42@msu.edu,Female,156.54.231.179
148,Kanya,Stripp,kstripp43@buzzfeed.com,Female,163.208.158.29
149,Samuele,Heigold,sheigold44@163.com,Genderfluid,28.6.115.22
150,Anabelle,Francois,afrancois45@google.com.br,Female,200.247.215.94
151,Orville,Di Ruggiero,odiruggiero46@google.com.br,Male,202.175.176.101
152,Alysa,Skellington,askellington47@npr.org,Female,171.16.59.206
153,Marti,Benazet,mbenazet48@t.co,Female,135.131.50.230
154,Zed,Kermit,zkermit49@miitbeian.gov.cn,Non-binary,234.109.182.181
155,Clerkclaude,Adamiak,cadamiak4a@networkadvertising.org,Male,129.172.42.243
156,Hillyer,Dibson,hdibson4b@ibm.com,Bigender,240.31.219.201
157,Jessey,Strute,jstrute4c@vk.com,Non-binary,193.14.220.234
158,Englebert,Leyre,eleyre4d@gov.uk,Male,194.253.134.32
159,Hayden,Magauran,hmagauran4e@amazon.co.uk,Male,154.240.139.144
160,Lezley,Satyford,lsatyford4f@reverbnation.com,Male,204.192.27.123
161,Cly,Ansill,cansill4g@so-net.ne.jp,Non-binary,192.95.11.174
162,Kala,Broadhead,kbroadhead4h@smh.com.au,Female,43.177.151.219
163,Allin,Oller,aoller4i@princeton.edu,Male,253.191.50.107
164,Kristo,Campagne,kcampagne4j@cnn.com,Male,34.15.28.199
165,Humberto,Niessen,hniessen4k@4shared.com,Male,11.23.36.41
166,Fabian,Frean,ffrean4l@webmd.com,Male,108.187.141.11
167,My,Jonas,mjonas4m@ihg.com,Male,63.63.236.245
168,Melinda,Tant,mtant4n@statcounter.com,Female,227.152.191.31
169,Torre,Domanek,tdomanek4o@twitter.com,Male,229.187.68.16
170,Darbee,Clough,dclough4p@github.io,Male,168.54.91.196
171,Irita,Zoppie,izoppie4q@weather.com,Polygender,237.153.85.149
172,Rosanne,Greatorex,rgreatorex4r@narod.ru,Female,164.25.22.213
173,Johnny,Paszek,jpaszek4s@reuters.com,Male,115.192.44.96
174,Nigel,Cadogan,ncadogan4t@webeden.co.uk,Male,102.68.248.221
175,Juli,Hartland,jhartland4u@dagondesign.com,Female,113.104.10.80
176,Judith,Lawrie,jlawrie4v@nyu.edu,Female,118.94.8.9
177,Tildie,Aimeric,taimeric4w@pbs.org,Female,195.23.172.128
178,Kerk,Scaddon,kscaddon4x@cnet.com,Male,103.64.33.163
179,Brett,O'Shields,boshields4y@nba.com,Male,111.9.141.188
180,Marinna,Winsborrow,mwinsborrow4z@paypal.com,Female,103.225.225.54
181,Neils,Marney,nmarney50@ed.gov,Male,21.58.74.117
182,Darby,Life,dlife51@smugmug.com,Male,143.91.53.197
183,Gregorius,Stenbridge,gstenbridge52@wix.com,Male,86.211.217.113
184,Gaylord,Vercruysse,gvercruysse53@joomla.org,Male,6.159.216.69
185,Meggi,Nolin,mnolin54@ft.com,Female,237.222.36.75
186,Bob,Dugall,bdugall55@answers.com,Male,36.182.158.78
187,Kaiser,Godfrey,kgodfrey56@businessinsider.com,Male,172.159.156.182
188,Cornell,Dumsday,cdumsday57@ucsd.edu,Male,240.33.171.192
189,Barnie,Sanches,bsanches58@spotify.com,Male,136.14.91.153
190,Virginie,Glasscott,vglasscott59@paypal.com,Female,14.254.244.253
191,Gilly,Listone,glistone5a@naver.com,Non-binary,39.178.111.246
192,Abby,MacGibbon,amacgibbon5b@economist.com,Female,158.243.155.19
193,Gerry,Wharmby,gwharmby5c@mayoclinic.com,Male,127.193.28.200
194,Curtis,Crossgrove,ccrossgrove5d@github.io,Male,114.213.68.213
195,Tybalt,Aldren,taldren5e@hhs.gov,Male,63.77.148.234
196,Hamlen,Danilovitch,hdanilovitch5f@ibm.com,Male,0.161.140.22
197,Prinz,Bartoletti,pbartoletti5g@etsy.com,Male,1.17.217.155
198,Flor,Keppe,fkeppe5h@wufoo.com,Female,28.237.251.67
199,Welby,Cocks,wcocks5i@ftc.gov,Male,169.52.221.99
200,Husein,Redborn,hredborn5j@gravatar.com,Male,236.123.247.126
201,Rozalie,Guilloux,rguilloux5k@latimes.com,Female,180.103.6.29
202,Marthe,Rechert,mrechert5l@bluehost.com,Female,129.170.92.152
203,Chad,Eacle,ceacle5m@fema.gov,Female,0.33.176.120
204,Gregoire,Bromell,gbromell5n@forbes.com,Male,85.240.162.192
205,Truman,Carnilian,tcarnilian5o@ocn.ne.jp,Male,131.234.77.189
206,Henriette,Hove,hhove5p@symantec.com,Female,26.70.232.10
207,Quintina,Sebley,qsebley5q@dot.gov,Female,27.182.37.147
208,Analise,Aggiss,aaggiss5r@msn.com,Bigender,207.184.232.249
209,Joseph,Mitten,jmitten5s@eepurl.com,Male,144.104.6.186
210,Phyllida,Bartalini,pbartalini5t@vistaprint.com,Female,31.239.156.76
211,Gav,Leser,gleser5u@census.gov,Male,23.57.252.200
212,Randi,Muston,rmuston5v@mail.ru,Female,227.200.75.145
213,Tabatha,Colkett,tcolkett5w@skype.com,Female,125.152.86.27
214,Orland,Swires,oswires5x@samsung.com,Male,237.181.146.47
215,Abby,Djokic,adjokic5y@independent.co.uk,Female,197.192.245.0
216,Deana,Taborre,dtaborre5z@auda.org.au,Female,49.179.23.54
217,Glenden,Ramsier,gramsier60@comsenz.com,Bigender,36.223.9.199
218,Ayn,Habergham,ahabergham61@gnu.org,Female,7.4.144.171
219,Pansie,Cranke,pcranke62@chronoengine.com,Female,124.58.66.242
220,Heall,Davidoff,hdavidoff63@wordpress.org,Male,14.42.37.84
221,Ronica,Guilbert,rguilbert64@ca.gov,Female,99.108.94.239
222,Elia,Gilsthorpe,egilsthorpe65@skyrock.com,Male,199.8.199.60
223,Evita,Maceur,emaceur66@biglobe.ne.jp,Female,190.66.101.46
224,Tanner,Elwood,telwood67@wunderground.com,Male,176.134.52.229
225,Gwendolen,Possa,gpossa68@mayoclinic.com,Female,34.98.227.150
226,Jeramey,Mixworthy,jmixworthy69@army.mil,Agender,102.251.184.120
227,Onida,Drissell,odrissell6a@stumbleupon.com,Female,137.203.62.156
228,Fonzie,Farnish,ffarnish6b@homestead.com,Polygender,245.15.147.246
229,Editha,Dormon,edormon6c@multiply.com,Polygender,225.66.114.170
230,Eb,Dumphy,edumphy6d@fda.gov,Male,35.206.67.55
231,Rafi,Forrington,rforrington6e@mlb.com,Genderqueer,247.250.84.5
232,Wilfrid,Agutter,wagutter6f@digg.com,Male,128.93.35.15
233,Milena,O'Breen,mobreen6g@friendfeed.com,Female,28.88.51.12
234,Colet,Gostick,cgostick6h@hugedomains.com,Male,26.246.36.90
235,Elga,Sima,esima6i@thetimes.co.uk,Female,16.91.202.86
236,Jo-anne,Joskowicz,jjoskowicz6j@utexas.edu,Female,90.185.151.142
237,Cindra,Caddies,ccaddies6k@apple.com,Female,73.246.60.146
238,Keri,Budleigh,kbudleigh6l@fda.gov,Female,161.26.131.9
239,Adria,Gregorio,agregorio6m@nifty.com,Genderfluid,5.29.62.96
240,Zaneta,McGonigle,zmcgonigle6n@cargocollective.com,Bigender,115.149.43.3
241,Candace,Louw,clouw6o@tmall.com,Female,187.166.169.33
242,Lombard,Sivior,lsivior6p@wordpress.org,Male,65.105.251.124
243,Natassia,MacWhan,nmacwhan6q@cdbaby.com,Female,27.173.236.54
244,Jessie,Malone,jmalone6r@blogtalkradio.com,Male,90.58.159.228
245,Axe,Guilloud,aguilloud6s@paginegialle.it,Male,128.46.163.79
246,Archibaldo,Cuthbert,acuthbert6t@nationalgeographic.com,Male,158.190.52.179
247,Hughie,Anger,hanger6u@ocn.ne.jp,Male,137.40.246.202
248,Laina,Dubber,ldubber6v@marketwatch.com,Female,68.177.41.207
249,Nester,Stodhart,nstodhart6w@dedecms.com,Male,84.79.170.59
250,Xever,Clemencet,xclemencet6x@alibaba.com,Male,250.218.1.73
251,Wolfy,Emmot,wemmot6y@nhs.uk,Male,122.92.218.110
252,Mylo,Daudray,mdaudray6z@macromedia.com,Male,85.127.43.24
253,Andrea,Prinett,aprinett70@bloglovin.com,Male,179.221.225.80
254,Brande,Eastwood,beastwood71@csmonitor.com,Female,123.5.243.194
255,Lise,Mityashin,lmityashin72@constantcontact.com,Female,111.159.151.94
256,Cedric,Compston,ccompston73@answers.com,Male,123.26.244.206
257,Nelia,Hiland,nhiland74@soup.io,Female,43.52.186.89
258,Barbabas,Barbrook,bbarbrook75@livejournal.com,Male,220.186.5.91
259,Leola,Blazeby,lblazeby76@indiegogo.com,Female,252.125.124.70
260,Lila,Bettis,lbettis77@jugem.jp,Female,244.210.164.0
261,Mordy,Rawcliffe,mrawcliffe78@umn.edu,Male,80.209.155.255
262,Joelie,Troop,jtroop79@weather.com,Genderfluid,136.28.21.118
263,Zahara,Hayto,zhayto7a@friendfeed.com,Female,180.229.255.35
264,Corbin,Juara,cjuara7b@nationalgeographic.com,Male,197.106.118.191
265,Wilhelmina,Bachanski,wbachanski7c@senate.gov,Female,79.160.114.137
266,Noelle,McFade,nmcfade7d@sfgate.com,Female,247.105.92.89
267,Ferrel,Daw,fdaw7e@icio.us,Male,120.220.15.189
268,Shermie,Rundall,srundall7f@twitpic.com,Male,229.119.235.85
269,Cameron,Burleton,cburleton7g@cbsnews.com,Male,160.137.189.168
270,Mildred,Woodhams,mwoodhams7h@google.pl,Female,203.139.103.223
271,Eva,Bodechon,ebodechon7i@diigo.com,Female,114.246.11.161
272,Harley,Ragles,hragles7j@google.com.br,Bigender,88.246.83.8
273,Alvie,Semarke,asemarke7k@independent.co.uk,Male,248.59.83.243
274,Bradly,Magnay,bmagnay7l@gnu.org,Genderfluid,152.66.197.132
275,Sonnie,Dutson,sdutson7m@virginia.edu,Male,1.31.171.226
276,Ransom,Cristofanini,rcristofanini7n@instagram.com,Male,209.142.164.103
277,Cos,Di Meo,cdimeo7o@globo.com,Male,36.23.29.131
278,Lin,Marfield,lmarfield7p@mapy.cz,Bigender,40.160.220.133
279,Timi,Niblock,tniblock7q@thetimes.co.uk,Female,221.185.32.194
280,Olivette,Ridehalgh,oridehalgh7r@infoseek.co.jp,Female,179.207.62.203
281,Claudina,Robison,crobison7s@youtu.be,Female,136.12.144.159
282,Carley,Stennet,cstennet7t@weebly.com,Female,129.47.28.239
283,Martin,MacRonald,mmacronald7u@china.com.cn,Bigender,68.118.182.86
284,Arabel,Vasnetsov,avasnetsov7v@europa.eu,Female,121.94.9.178
285,Larine,Goundry,lgoundry7w@aol.com,Female,166.130.47.19
286,Octavius,Demer,odemer7x@prweb.com,Male,249.101.92.10
287,Les,Chalk,lchalk7y@fastcompany.com,Male,54.244.165.90
288,Morie,Aubery,maubery7z@constantcontact.com,Male,213.162.33.174
289,Lila,Pigrome,lpigrome80@stumbleupon.com,Female,69.165.37.115
290,Stacia,Argue,sargue81@purevolume.com,Female,122.120.119.120
291,Portie,Hurkett,phurkett82@goo.ne.jp,Male,129.93.106.68
292,Wilfrid,Daville,wdaville83@networkadvertising.org,Male,165.143.181.15
293,Myrlene,Billham,mbillham84@accuweather.com,Female,164.39.197.193
294,Viviene,Durrant,vdurrant85@globo.com,Female,177.111.70.167
295,Aube,Westhead,awesthead86@geocities.jp,Genderqueer,194.232.46.250
296,Cinderella,Dibbs,cdibbs87@apple.com,Female,84.146.206.255
297,Alon,Truckett,atruckett88@tiny.cc,Male,42.148.87.230
298,Toiboid,Hubbucks,thubbucks89@weather.com,Polygender,104.172.16.239
299,Cinda,Whittek,cwhittek8a@angelfire.com,Female,112.190.144.88
300,Rowena,Flight,rflight8b@yahoo.co.jp,Female,166.253.21.2
301,Beale,Radolf,bradolf8c@newsvine.com,Male,94.212.238.104
302,Jamal,Herkess,jherkess8d@ucla.edu,Male,59.247.0.62
303,Kai,Meneo,kmeneo8e@jiathis.com,Female,151.86.6.158
304,Bev,Nielson,bnielson8f@liveinternet.ru,Female,200.112.24.54
305,Renelle,Glidder,rglidder8g@gnu.org,Female,82.81.247.83
306,Isidora,Kobisch,ikobisch8h@woothemes.com,Female,137.51.108.125
307,Sigrid,Domeney,sdomeney8i@rediff.com,Female,63.223.204.63
308,Wallis,Battershall,wbattershall8j@uol.com.br,Male,252.31.132.74
309,Caritta,Ladds,cladds8k@wiley.com,Female,211.157.229.252
310,Olenolin,Balderston,obalderston8l@techcrunch.com,Male,91.195.38.229
311,Broderick,Demke,bdemke8m@telegraph.co.uk,Male,191.111.120.64
312,Howey,Maykin,hmaykin8n@qq.com,Male,148.121.16.185
313,Horton,O'Corrane,hocorrane8o@wordpress.org,Male,97.89.240.33
314,Fons,Crennan,fcrennan8p@nbcnews.com,Male,238.190.126.79
315,Ellswerth,Rusling,erusling8q@rambler.ru,Male,77.136.40.67
316,Ansell,Duplan,aduplan8r@amazonaws.com,Male,25.225.165.255
317,Quintana,Sibthorp,qsibthorp8s@flickr.com,Female,243.208.18.36
318,Garreth,Adamo,gadamo8t@cbsnews.com,Agender,72.170.181.171
319,Ruthe,Wimbridge,rwimbridge8u@mtv.com,Agender,131.133.153.8
320,Monty,Bodycomb,mbodycomb8v@amazonaws.com,Male,229.207.119.16
321,Barclay,Heymann,bheymann8w@drupal.org,Male,152.86.107.175
322,Jedidiah,Giraudeau,jgiraudeau8x@foxnews.com,Male,172.112.29.1
323,Arlen,Corre,acorre8y@house.gov,Male,16.7.55.100
324,Hortensia,Clifforth,hclifforth8z@hp.com,Female,81.231.178.141
325,Barnabas,Doerren,bdoerren90@cafepress.com,Male,251.64.120.124
326,Cassaundra,Todd,ctodd91@wikispaces.com,Female,71.46.56.45
327,Dollie,Bothwell,dbothwell92@reddit.com,Polygender,179.196.196.34
328,Hi,Polkinghorne,hpolkinghorne93@nsw.gov.au,Male,111.246.204.239
329,Maire,Leney,mleney94@wikia.com,Female,227.248.32.242
330,Caroline,Ridd,cridd95@surveymonkey.com,Female,51.142.178.107
331,Winston,Lovekin,wlovekin96@e-recht24.de,Male,255.147.144.47
332,Maximilianus,Dunbabin,mdunbabin97@accuweather.com,Male,20.60.227.197
333,Sean,Spraberry,sspraberry98@squarespace.com,Polygender,241.119.207.169
334,Pen,Stelli,pstelli99@reuters.com,Genderqueer,205.30.241.158
335,Sherwood,MacNockater,smacnockater9a@wikipedia.org,Male,183.199.110.14
336,Hartley,Peche,hpeche9b@baidu.com,Male,26.101.227.152
337,Felike,Joannic,fjoannic9c@theglobeandmail.com,Male,222.229.6.202
338,Fraser,Maytum,fmaytum9d@buzzfeed.com,Male,153.92.18.179
339,Jordain,Turner,jturner9e@statcounter.com,Female,162.33.107.211
340,Carolus,Vedeneev,cvedeneev9f@jalbum.net,Male,195.114.67.160
341,Errick,Durward,edurward9g@geocities.com,Male,136.186.1.132
342,Tory,Howbrook,thowbrook9h@plala.or.jp,Female,142.211.134.87
343,Ingunna,Zukerman,izukerman9i@myspace.com,Female,243.94.112.67
344,Amye,Tripney,atripney9j@vkontakte.ru,Female,21.121.22.10
345,Vittorio,Enderson,venderson9k@aol.com,Agender,215.161.175.251
346,Loree,Whittleton,lwhittleton9l@msu.edu,Female,96.111.58.140
347,Holly,Totaro,htotaro9m@buzzfeed.com,Genderqueer,96.0.195.48
348,Hussein,Vaan,hvaan9n@artisteer.com,Male,179.7.58.140
349,Timi,Carless,tcarless9o@example.com,Female,219.38.205.222
350,Kathlin,Featherstone,kfeatherstone9p@macromedia.com,Female,32.230.1.91
351,Ulrich,Kemmey,ukemmey9q@tuttocitta.it,Male,152.179.49.170
352,Rosy,Pylkynyton,rpylkynyton9r@hibu.com,Female,39.200.148.16
353,Cristian,Okker,cokker9s@dot.gov,Male,207.166.169.106
354,Francklin,Dibble,fdibble9t@ca.gov,Male,145.136.66.47
355,Daniel,Caudle,dcaudle9u@nature.com,Male,112.145.231.142
356,Rooney,Quittonden,rquittonden9v@accuweather.com,Genderfluid,95.249.126.189
357,Saul,Hastie,shastie9w@webs.com,Male,253.32.195.175
358,Tamma,Tacker,ttacker9x@nbcnews.com,Female,112.180.161.153
359,Gusty,Skeeles,gskeeles9y@virginia.edu,Female,146.81.227.230
360,Elianora,Lavis,elavis9z@wikipedia.org,Female,129.102.64.218
361,Hendrika,Suthren,hsuthrena0@wsj.com,Polygender,60.187.121.242
362,Nap,Jirus,njirusa1@symantec.com,Male,227.20.216.178
363,Jennie,Tuxell,jtuxella2@huffingtonpost.com,Bigender,237.48.242.80
364,Ganny,Minico,gminicoa3@wikispaces.com,Male,182.252.47.245
365,Dorolisa,Hennemann,dhennemanna4@google.fr,Female,150.75.37.123
366,Herschel,Aitkenhead,haitkenheada5@icq.com,Male,216.10.101.13
367,Munroe,Latham,mlathama6@flickr.com,Male,236.116.148.203
368,Wanda,Madders,wmaddersa7@yellowpages.com,Female,64.21.70.114
369,Roxy,Tunniclisse,rtunniclissea8@kickstarter.com,Female,81.193.187.12
370,Christy,Kay,ckaya9@smugmug.com,Male,50.109.120.63
371,Tremayne,Showte,tshowteaa@altervista.org,Male,165.123.10.212
372,Giusto,Saurin,gsaurinab@gravatar.com,Male,7.247.42.153
373,Katherine,Scrane,kscraneac@fema.gov,Female,252.118.180.135
374,Valera,Peterffy,vpeterffyad@1und1.de,Female,120.164.112.221
375,Vincenz,Toland,vtolandae@businessweek.com,Male,60.5.173.34
376,Nisse,Stump,nstumpaf@addtoany.com,Non-binary,253.95.167.120
377,Franny,Chater,fchaterag@usgs.gov,Male,213.216.11.150
378,Doroteya,Akaster,dakasterah@washington.edu,Female,10.167.134.21
379,Erroll,Teresa,eteresaai@tinyurl.com,Male,241.162.112.60
380,Katerina,Gariff,kgariffaj@guardian.co.uk,Female,60.128.102.211
381,Anne,Purseglove,apursegloveak@cbslocal.com,Female,33.72.223.231
382,Lynett,Strong,lstrongal@tamu.edu,Female,194.53.190.50
383,Ronny,Plesing,rplesingam@feedburner.com,Male,77.135.250.161
384,Kerrin,Pidduck,kpidduckan@soup.io,Female,103.217.63.152
385,Rani,Cathrall,rcathrallao@mashable.com,Genderqueer,248.149.30.3
386,Diahann,Boycott,dboycottap@ibm.com,Female,171.26.59.78
387,Corrianne,Heathcote,cheathcoteaq@amazon.co.jp,Female,47.110.52.72
388,Fina,Royall,froyallar@wikimedia.org,Female,52.7.167.191
389,Winni,Jurasek,wjurasekas@etsy.com,Female,14.76.136.58
390,Forrester,Mapledoore,fmapledooreat@blogspot.com,Male,64.206.103.15
391,Bambie,Fellibrand,bfellibrandau@1688.com,Female,36.115.41.181
392,Alexine,Ponton,apontonav@people.com.cn,Female,109.72.67.77
393,Rocky,Houston,rhoustonaw@usatoday.com,Male,42.131.245.221
394,Claudelle,Cohen,ccohenax@phoca.cz,Female,209.75.253.163
395,Ethan,Lowdeane,elowdeaneay@blogtalkradio.com,Male,235.52.70.209
396,Nyssa,Vian,nvianaz@apache.org,Female,54.215.193.125
397,Vivianne,Fraczkiewicz,vfraczkiewiczb0@umich.edu,Female,66.0.119.245
398,Traver,Spikins,tspikinsb1@studiopress.com,Male,69.161.151.61
399,Corena,Reiner,creinerb2@oracle.com,Female,248.130.121.18
400,Antonio,Maypowder,amaypowderb3@bloglovin.com,Male,214.195.111.28
401,Barb,Rantoul,brantoulb4@phpbb.com,Female,55.122.209.231
402,Mead,Garroch,mgarrochb5@bbb.org,Male,229.36.166.144
403,Berkeley,Andryunin,bandryuninb6@is.gd,Male,70.242.120.231
404,Vlad,Cathery,vcatheryb7@github.io,Male,97.94.55.180
405,Guenna,Footer,gfooterb8@newsvine.com,Female,144.232.123.219
406,Michale,Klimaszewski,mklimaszewskib9@patch.com,Male,237.202.180.187
407,Bertie,Manolov,bmanolovba@over-blog.com,Male,112.136.2.33
408,Karlan,Keher,kkeherbb@t.co,Male,169.54.178.228
409,Rhona,Bucklee,rbuckleebc@paginegialle.it,Female,7.20.178.72
410,Lemmy,Isaq,lisaqbd@sun.com,Male,144.180.198.187
411,Constantin,Drable,cdrablebe@bizjournals.com,Male,66.226.111.139
412,Vina,McLafferty,vmclaffertybf@shareasale.com,Female,31.186.17.18
413,Dino,Siveyer,dsiveyerbg@illinois.edu,Male,248.160.194.41
414,Ervin,Liddel,eliddelbh@techcrunch.com,Male,164.114.81.185
415,Dominica,McKenna,dmckennabi@hhs.gov,Female,117.217.34.175
416,Anastasie,Delete,adeletebj@marriott.com,Female,28.55.224.205
417,Mureil,Normaville,mnormavillebk@upenn.edu,Agender,230.184.229.20
418,Osborne,Mold,omoldbl@wikia.com,Male,56.69.185.252
419,Matthiew,Negal,mnegalbm@booking.com,Male,219.96.99.164
420,Evvy,Shaw,eshawbn@cafepress.com,Female,25.255.190.204
421,Pam,Gouldstone,pgouldstonebo@paginegialle.it,Female,207.81.154.225
422,Gates,Sibly,gsiblybp@stanford.edu,Female,86.171.223.2
423,Krishnah,Loverock,kloverockbq@addtoany.com,Male,164.152.125.105
424,Allianora,McNicol,amcnicolbr@uol.com.br,Female,195.86.193.60
425,Rufus,Siburn,rsiburnbs@sohu.com,Male,204.47.15.177
426,Corilla,Elion,celionbt@bizjournals.com,Female,195.208.242.50
427,Clevey,Bricket,cbricketbu@topsy.com,Genderqueer,104.47.122.120
428,Stanley,Spires,sspiresbv@google.com,Male,152.24.124.194
429,Vittoria,Jaquest,vjaquestbw@wiley.com,Female,246.59.62.180
430,Abbie,Simkiss,asimkissbx@xrea.com,Female,188.225.104.148
431,Donavon,Vasiliu,dvasiliuby@so-net.ne.jp,Male,210.72.38.35
432,Shanan,Assur,sassurbz@unesco.org,Male,106.127.67.68
433,Dianne,Vye,dvyec0@woothemes.com,Female,183.46.109.235
434,Siouxie,Vedenyakin,svedenyakinc1@nbcnews.com,Female,125.250.83.42
435,Bessy,Donahue,bdonahuec2@newsvine.com,Female,72.43.225.124
436,Francoise,Asmus,fasmusc3@bloglines.com,Female,0.19.198.12
437,Luci,Dever,ldeverc4@blog.com,Non-binary,120.202.200.170
438,Ave,Cotton,acottonc5@unicef.org,Male,3.210.173.44
439,Loraine,O'Griffin,logriffinc6@ibm.com,Female,21.190.149.118
440,Evered,MacKissack,emackissackc7@fc2.com,Male,158.253.177.197
441,Georgeta,Readwood,greadwoodc8@about.me,Female,237.148.97.73
442,Arly,Dannehl,adannehlc9@smugmug.com,Female,9.64.139.183
443,Dominique,Phin,dphinca@jugem.jp,Male,23.12.206.14
444,Filmer,Stollwerk,fstollwerkcb@smugmug.com,Male,196.77.139.22
445,Emelia,Faraker,efarakercc@timesonline.co.uk,Female,69.116.24.207
446,Hilary,Duny,hdunycd@a8.net,Male,15.12.181.163
447,Gaven,Edelston,gedelstonce@jalbum.net,Male,174.98.53.94
448,Trisha,Stedall,tstedallcf@salon.com,Genderfluid,223.242.25.198
449,Uta,Mosten,umostencg@issuu.com,Female,203.15.152.161
450,Alina,Minchella,aminchellach@dailymail.co.uk,Female,111.250.154.37
451,Eleonora,Dyke,edykeci@usda.gov,Bigender,162.86.74.215
452,Delores,Hamberstone,dhamberstonecj@sina.com.cn,Female,122.183.194.32
453,Adler,Snoad,asnoadck@youku.com,Genderfluid,203.155.79.55
454,Roxanne,Oleksiak,roleksiakcl@arizona.edu,Female,37.224.208.32
455,Ewell,Treweela,etreweelacm@hhs.gov,Male,122.110.208.58
456,Annnora,Petrik,apetrikcn@plala.or.jp,Female,84.42.16.176
457,Vasily,Sharphurst,vsharphurstco@google.it,Male,58.44.29.192
458,Daune,Dorn,ddorncp@discovery.com,Female,134.136.155.137
459,Julietta,Malin,jmalincq@webmd.com,Bigender,171.3.227.94
460,Dory,Fold,dfoldcr@diigo.com,Female,190.104.66.102
461,Alden,Simper,asimpercs@eepurl.com,Male,49.48.53.217
462,Mellisa,Rentalll,mrentalllct@sphinn.com,Female,22.208.199.113
463,Rainer,Gullivent,rgulliventcu@surveymonkey.com,Male,216.177.10.209
464,Layton,Fiddian,lfiddiancv@sogou.com,Male,77.232.227.227
465,Brad,Arkill,barkillcw@blogs.com,Male,201.16.251.80
466,Forster,Elden,feldencx@mayoclinic.com,Male,117.209.55.35
467,Valerye,Mears,vmearscy@who.int,Female,215.70.160.171
468,Anthe,Brigham,abrighamcz@nba.com,Female,119.12.101.185
469,Gauthier,O'Loughnan,goloughnand0@nydailynews.com,Male,191.90.63.30
470,Addison,Heiton,aheitond1@shareasale.com,Male,201.215.173.167
471,Astrid,Skeete,askeeted2@google.ca,Female,63.114.173.46
472,Ebba,Krochmann,ekrochmannd3@is.gd,Female,218.188.19.18
473,Tobye,Satterthwaite,tsatterthwaited4@boston.com,Female,186.42.122.136
474,Tyrone,Carr,tcarrd5@seattletimes.com,Genderqueer,192.95.49.245
475,Bonnie,Layton,blaytond6@vimeo.com,Female,75.178.23.157
476,Libbi,Poupard,lpoupardd7@ibm.com,Female,72.30.36.37
477,Lenka,Tournie,ltournied8@cocolog-nifty.com,Non-binary,43.132.218.195
478,Fayth,Bird,fbirdd9@go.com,Female,33.103.116.35
479,Osmond,Geraud,ogeraudda@sciencedirect.com,Male,107.241.170.246
480,Todd,Buckam,tbuckamdb@blog.com,Male,155.145.215.33
481,Elias,Raiment,eraimentdc@tinyurl.com,Male,95.34.90.184
482,Dagmar,Edgeon,dedgeondd@spiegel.de,Female,41.43.63.163
483,Murray,Gehrels,mgehrelsde@wikipedia.org,Male,86.176.229.199
484,Amelina,Kimmons,akimmonsdf@economist.com,Female,83.35.141.242
485,Vanya,Perot,vperotdg@posterous.com,Male,185.203.158.249
486,Lenna,Hehnke,lhehnkedh@tmall.com,Female,135.132.176.98
487,Sheilah,Acreman,sacremandi@go.com,Female,137.220.63.229
488,Alie,Duberry,aduberrydj@msu.edu,Female,229.25.131.140
489,Casi,Paulou,cpauloudk@simplemachines.org,Female,164.61.100.170
490,Rois,McGuinness,rmcguinnessdl@narod.ru,Female,48.12.159.150
491,Gottfried,French,gfrenchdm@ameblo.jp,Male,18.104.79.30
492,Keary,Dinsdale,kdinsdaledn@slideshare.net,Male,72.118.209.20
493,Bonnee,Hackwell,bhackwelldo@multiply.com,Female,219.208.100.109
494,Joice,McAnalley,jmcanalleydp@hostgator.com,Agender,93.50.130.159
495,Niel,Scarr,nscarrdq@ning.com,Male,214.74.186.161
496,Alissa,Haile,ahailedr@businessinsider.com,Female,182.8.46.46
497,Benoit,Webling,bweblingds@telegraph.co.uk,Male,208.74.200.240
498,Corissa,Phillot,cphillotdt@opensource.org,Female,214.109.39.29
499,Pippo,Goddert.sf,pgoddertsfdu@yellowbook.com,Male,199.108.30.171
500,Lindsey,Foggarty,lfoggartydv@w3.org,Male,123.20.175.142
501,Deeann,Jarvie,djarviedw@edublogs.org,Female,152.212.246.79
502,Decca,Rosenhaus,drosenhausdx@dell.com,Male,202.157.136.39
503,Domenic,Mendus,dmendusdy@washingtonpost.com,Male,219.10.220.224
504,Stevena,Weekly,sweeklydz@hexun.com,Female,235.229.165.166
505,Desiree,Sidebottom,dsidebottome0@columbia.edu,Female,219.108.183.10
506,Alie,Mathieson,amathiesone1@indiegogo.com,Female,232.183.138.113
507,Deloris,Rivallant,drivallante2@cbslocal.com,Female,165.205.215.157
508,Anatol,Inglese,ainglesee3@ucoz.ru,Male,29.82.167.121
509,Lonnie,Abby,labbye4@weather.com,Female,173.16.101.80
510,Deena,Kohnen,dkohnene5@4shared.com,Female,186.147.171.92
511,Albert,Rentoul,arentoule6@europa.eu,Male,6.128.82.142
512,Dario,Volker,dvolkere7@answers.com,Male,121.164.107.97
513,Fairfax,Guerriero,fguerrieroe8@indiatimes.com,Male,50.58.96.119
514,Pablo,Megany,pmeganye9@prweb.com,Male,203.100.91.47
515,Dene,Drever,ddreverea@imdb.com,Male,12.222.194.35
516,Stephanie,Millwall,smillwalleb@altervista.org,Female,168.2.137.44
517,Maddie,Presdie,mpresdieec@npr.org,Female,157.113.110.52
518,Ethelda,Stitcher,estitchered@biglobe.ne.jp,Female,104.83.239.159
519,Karly,Tetley,ktetleyee@dmoz.org,Female,153.46.156.169
520,Camel,Machans,cmachansef@macromedia.com,Female,207.59.184.8
521,Cleon,Pickup,cpickupeg@wufoo.com,Male,59.167.194.202
522,Kellyann,Nuzzetti,knuzzettieh@mozilla.com,Female,38.231.127.249
523,Alfonso,Stebles,asteblesei@washingtonpost.com,Male,40.46.23.151
524,Rachel,Yurkevich,ryurkevichej@discovery.com,Female,79.104.125.17
525,Felipa,Myall,fmyallek@hatena.ne.jp,Female,24.143.208.149
526,Harrietta,Gisborne,hgisborneel@acquirethisname.com,Female,178.116.48.151
527,Kaela,Etock,ketockem@indiegogo.com,Female,122.210.202.3
528,Audre,Loffhead,aloffheaden@usda.gov,Female,251.149.5.34
529,Alayne,Kitchin,akitchineo@wiley.com,Female,46.245.232.49
530,Harley,Casol,hcasolep@wp.com,Female,138.147.181.1
531,Julianne,Finder,jfindereq@wordpress.com,Female,215.70.171.211
532,Abbe,Paget,apageter@freewebs.com,Female,156.36.193.59
533,Hynda,Lemonnier,hlemonnieres@imdb.com,Female,86.37.217.158
534,Uriah,Pancast,upancastet@ted.com,Male,235.28.120.101
535,Krystal,McCuis,kmccuiseu@loc.gov,Female,100.121.49.223
536,Sibbie,Bett,sbettev@skyrock.com,Female,126.75.130.98
537,Stella,Barnwall,sbarnwallew@joomla.org,Female,51.114.87.226
538,Ashly,Doucette,adoucetteex@unesco.org,Female,196.160.126.44
539,Glenden,Camocke,gcamockeey@gizmodo.com,Male,254.7.235.175
540,Hedwig,Larman,hlarmanez@dmoz.org,Female,227.57.41.250
541,Jori,Whales,jwhalesf0@earthlink.net,Agender,49.233.213.134
542,Duncan,Cranke,dcrankef1@xing.com,Male,98.115.83.18
543,Lana,Glyssanne,lglyssannef2@gov.uk,Female,232.202.2.123
544,Briggs,Petrushkevich,bpetrushkevichf3@ameblo.jp,Male,48.214.136.2
545,Tove,Piwell,tpiwellf4@latimes.com,Female,221.129.178.45
546,Dixie,Titterington,dtitteringtonf5@simplemachines.org,Agender,150.46.126.27
547,Bo,Ovise,bovisef6@redcross.org,Male,60.27.123.180
548,Alvis,Bratten,abrattenf7@ucsd.edu,Male,21.215.244.152
549,Trey,Mumbeson,tmumbesonf8@ifeng.com,Male,161.51.18.136
550,Cross,Bonsul,cbonsulf9@wordpress.org,Male,175.58.128.246
551,Giselle,Loudon,gloudonfa@addtoany.com,Female,174.158.141.5
552,Francklyn,Cragoe,fcragoefb@blogger.com,Male,241.164.218.2
553,Leontyne,Bapty,lbaptyfc@foxnews.com,Female,244.30.170.180
554,Germaine,Immings,gimmingsfd@cam.ac.uk,Male,106.25.19.41
555,Edita,Tuminini,etumininife@washington.edu,Female,43.127.70.38
556,Spence,Poore,spooreff@apple.com,Male,21.232.119.174
557,Juliane,Sivyour,jsivyourfg@simplemachines.org,Female,226.173.55.70
558,Doria,Boldero,dbolderofh@mail.ru,Female,229.233.162.7
559,Vance,Pidgeon,vpidgeonfi@privacy.gov.au,Male,121.194.51.119
560,Hendrik,Geddes,hgeddesfj@miitbeian.gov.cn,Male,110.233.121.48
561,Pippo,Brydie,pbrydiefk@soundcloud.com,Male,231.167.243.115
562,Hieronymus,McNess,hmcnessfl@archive.org,Non-binary,160.69.85.138
563,Whitney,Towlson,wtowlsonfm@cnet.com,Female,189.4.226.75
564,Catlin,Raccio,cracciofn@soup.io,Female,154.132.160.20
565,Cymbre,Barcroft,cbarcroftfo@imageshack.us,Female,83.54.255.204
566,Duane,Jirak,djirakfp@xing.com,Male,157.74.87.72
567,Tann,Iozefovich,tiozefovichfq@reddit.com,Male,126.113.80.85
568,Stillman,Forker,sforkerfr@senate.gov,Male,136.149.236.73
569,Sargent,Styche,sstychefs@t-online.de,Male,213.162.162.229
570,Jordanna,Isakovitch,jisakovitchft@opensource.org,Bigender,33.83.244.80
571,Gunilla,Spensley,gspensleyfu@trellian.com,Agender,198.137.220.179
572,Rawley,Garrity,rgarrityfv@csmonitor.com,Male,241.123.102.241
573,Cleveland,Peasegod,cpeasegodfw@apache.org,Male,74.55.163.155
574,Corrinne,Nafziger,cnafzigerfx@howstuffworks.com,Polygender,65.234.57.201
575,Austine,Philipeau,aphilipeaufy@bandcamp.com,Female,11.35.122.254
576,Mireielle,Treweek,mtreweekfz@youtube.com,Female,212.210.105.114
577,Mathilda,Sandbrook,msandbrookg0@comsenz.com,Female,219.230.111.250
578,Aubry,Kordovani,akordovanig1@blinklist.com,Female,91.230.111.120
579,Riva,Rubertelli,rrubertellig2@home.pl,Female,130.16.205.135
580,Homer,Triggs,htriggsg3@nymag.com,Male,133.185.31.113
581,Jerry,Joanic,jjoanicg4@canalblog.com,Female,198.93.94.155
582,Davida,Hayzer,dhayzerg5@discovery.com,Female,221.237.101.55
583,Hewe,Belcham,hbelchamg6@ebay.com,Non-binary,171.250.204.169
584,Oates,Minett,ominettg7@bloglines.com,Male,182.133.54.140
585,Keri,Pavelka,kpavelkag8@shareasale.com,Female,223.164.58.236
586,Kurt,Frankel,kfrankelg9@people.com.cn,Male,39.196.201.5
587,Courtney,McKeighen,cmckeighenga@vimeo.com,Male,233.52.160.101
588,Lauren,Biesty,lbiestygb@mapquest.com,Male,226.225.77.85
589,Moritz,Addams,maddamsgc@amazon.de,Male,171.74.169.210
590,Horace,Thurgood,hthurgoodgd@stumbleupon.com,Male,90.35.120.87
591,Waiter,Castelin,wcastelinge@amazon.com,Male,98.134.61.190
592,Randa,Wallsworth,rwallsworthgf@reference.com,Genderfluid,190.215.207.109
593,Trudi,Ruddoch,truddochgg@about.com,Female,79.240.79.98
594,Gasparo,Hastie,ghastiegh@woothemes.com,Male,40.52.182.44
595,Calli,Condliffe,ccondliffegi@wikimedia.org,Female,50.205.143.126
596,Barnard,Cornilleau,bcornilleaugj@bbc.co.uk,Male,122.251.219.221
597,Pat,Kaesmans,pkaesmansgk@domainmarket.com,Male,69.48.122.104
598,Dermot,Rains,drainsgl@creativecommons.org,Male,248.74.147.191
599,West,Seiler,wseilergm@artisteer.com,Male,23.173.223.156
600,Lynsey,Gutcher,lgutchergn@netscape.com,Female,224.119.54.220
601,Brunhilda,Grouse,bgrousego@aol.com,Female,120.92.154.166
602,Rennie,Dudson,rdudsongp@tinypic.com,Female,184.149.102.108
603,Joni,Tomaskunas,jtomaskunasgq@github.io,Female,227.50.22.171
604,Terrell,Botham,tbothamgr@illinois.edu,Male,39.166.197.136
605,Cristie,Stopp,cstoppgs@sphinn.com,Female,195.157.254.57
606,Orbadiah,Tivnan,otivnangt@ucsd.edu,Male,245.86.79.56
607,Chane,Letrange,cletrangegu@cornell.edu,Agender,181.18.11.158
608,Bjorn,Le Conte,blecontegv@amazon.com,Male,145.238.196.189
609,Oona,Deller,odellergw@shareasale.com,Female,67.219.157.129
610,Lucille,Joslin,ljoslingx@squarespace.com,Female,208.236.200.190
611,Nickola,Casswell,ncasswellgy@upenn.edu,Male,111.43.146.195
612,Alisander,Butteris,abutterisgz@facebook.com,Male,211.83.128.94
613,Augie,Pawelek,apawelekh0@canalblog.com,Male,245.97.153.193
614,Cyndi,Blonfield,cblonfieldh1@ocn.ne.jp,Female,55.39.210.130
615,Alix,Prevost,aprevosth2@cloudflare.com,Male,136.69.228.74
616,Archer,Hof,ahofh3@angelfire.com,Bigender,230.142.83.112
617,Isacco,O'Corrin,iocorrinh4@wufoo.com,Male,237.139.193.35
618,Ricca,Demogeot,rdemogeoth5@slate.com,Female,115.134.243.219
619,Otes,Burchett,oburchetth6@joomla.org,Male,81.122.4.131
620,Fredia,Flockhart,fflockharth7@so-net.ne.jp,Female,198.244.78.107
621,Judon,A'Barrow,jabarrowh8@gizmodo.com,Male,58.162.185.24
622,Amandy,Sloy,asloyh9@webs.com,Female,178.42.175.62
623,Celie,Roft,croftha@twitpic.com,Female,182.49.76.219
624,Corbet,Gwinnett,cgwinnetthb@wisc.edu,Male,238.23.124.29
625,Dall,Novacek,dnovacekhc@indiatimes.com,Male,42.37.65.196
626,Loy,Brett,lbretthd@nymag.com,Male,157.151.174.42
627,Coop,Gough,cgoughhe@noaa.gov,Male,56.134.255.11
628,Sibbie,Pollitt,spollitthf@statcounter.com,Female,6.189.190.149
629,Dinny,Wolstencroft,dwolstencrofthg@dailymail.co.uk,Female,227.69.47.131
630,Rodolphe,Schonfeld,rschonfeldhh@cisco.com,Male,213.91.171.207
631,Wendye,Crossdale,wcrossdalehi@blog.com,Female,94.94.35.204
632,Dalton,Bravington,dbravingtonhj@constantcontact.com,Male,69.241.55.77
633,Kerwin,Asty,kastyhk@globo.com,Bigender,48.180.222.8
634,Fernande,Sprionghall,fsprionghallhl@usda.gov,Female,56.109.198.53
635,Gil,Simper,gsimperhm@fastcompany.com,Male,196.18.117.74
636,Lutero,Warbey,lwarbeyhn@usda.gov,Male,29.124.111.163
637,Thea,Finlan,tfinlanho@howstuffworks.com,Female,211.37.79.145
638,Marshall,Radley,mradleyhp@weather.com,Male,232.4.93.67
639,Teirtza,Kain,tkainhq@time.com,Female,146.245.155.20
640,Chet,Pashen,cpashenhr@mashable.com,Male,84.115.2.175
641,Marcelle,Childes,mchildeshs@umich.edu,Female,140.87.194.66
642,Danny,Nutton,dnuttonht@is.gd,Non-binary,135.246.235.211
643,Mabel,Kovnot,mkovnothu@huffingtonpost.com,Female,147.173.234.188
644,Glynn,Camblin,gcamblinhv@cnbc.com,Male,254.171.139.182
645,Billi,Houldcroft,bhouldcrofthw@cpanel.net,Female,99.12.100.203
646,Chiarra,Whyley,cwhyleyhx@scientificamerican.com,Female,234.177.28.50
647,Westley,Dewbury,wdewburyhy@biblegateway.com,Male,145.23.48.213
648,Sharon,Shilling,sshillinghz@google.co.jp,Female,89.167.243.109
649,Rosabel,Timlin,rtimlini0@ed.gov,Female,68.13.226.46
650,Astrid,Kill,akilli1@psu.edu,Female,248.59.111.154
651,Morse,Jeffries,mjeffriesi2@illinois.edu,Male,186.216.180.53
652,Griffith,Durdy,gdurdyi3@alibaba.com,Male,204.244.155.197
653,Richmound,Dymocke,rdymockei4@squidoo.com,Male,159.221.170.80
654,Mariana,McGarahan,mmcgarahani5@usatoday.com,Bigender,238.243.220.41
655,Meghann,Knighton,mknightoni6@walmart.com,Female,248.42.126.53
656,Lindsay,Fetteplace,lfetteplacei7@msn.com,Male,63.23.229.55
657,Norah,Calwell,ncalwelli8@va.gov,Female,232.73.228.168
658,Klarrisa,Hovey,khoveyi9@narod.ru,Female,101.155.119.60
659,Amabelle,Jess,ajessia@creativecommons.org,Female,179.125.97.52
660,Bud,Gerritsma,bgerritsmaib@yahoo.co.jp,Male,204.118.199.103
661,Birgit,Coghlin,bcoghlinic@businesswire.com,Female,168.249.52.107
662,Brooks,Dunning,bdunningid@wisc.edu,Male,131.142.173.92
663,Darbee,Troyes,dtroyesie@apple.com,Male,184.89.156.204
664,Carissa,Bedward,cbedwardif@github.io,Polygender,49.12.228.91
665,Tiffie,Seale,tsealeig@nyu.edu,Female,121.130.218.29
666,Tully,Jeenes,tjeenesih@cdc.gov,Male,87.50.193.192
667,Regina,Gutridge,rgutridgeii@rediff.com,Female,116.26.101.9
668,Dasya,Shepley,dshepleyij@telegraph.co.uk,Non-binary,239.53.25.106
669,Marylee,Morfell,mmorfellik@godaddy.com,Female,70.121.59.200
670,Callean,Rosoni,crosoniil@bigcartel.com,Bigender,202.171.116.225
671,Bordie,Chrestien,bchrestienim@seesaa.net,Genderfluid,83.201.136.56
672,Roshelle,Eastlake,reastlakein@earthlink.net,Female,60.242.226.80
673,Gale,Duce,gduceio@dion.ne.jp,Female,50.218.31.240
674,Clarey,Habershon,chabershonip@over-blog.com,Genderfluid,197.119.237.238
675,Zea,Bonnick,zbonnickiq@gravatar.com,Female,138.203.8.186
676,Bessy,Camden,bcamdenir@hhs.gov,Female,172.166.18.81
677,Marrissa,Biggadike,mbiggadikeis@disqus.com,Female,33.169.200.54
678,Marillin,Blastock,mblastockit@domainmarket.com,Bigender,35.37.191.99
679,Rouvin,Huddles,rhuddlesiu@netscape.com,Male,63.65.145.78
680,Marieann,Larcher,mlarcheriv@godaddy.com,Female,118.80.212.127
681,Lorrie,Blackaby,lblackabyiw@cnn.com,Male,249.68.72.185
682,Nerty,Harradence,nharradenceix@ovh.net,Female,144.145.135.201
683,Ardelia,Maddrell,amaddrelliy@google.nl,Female,240.200.182.147
684,Gawain,Roache,groacheiz@usatoday.com,Male,122.247.34.56
685,Dorelle,Letchmore,dletchmorej0@yandex.ru,Female,73.153.138.121
686,Martie,Beaton,mbeatonj1@diigo.com,Male,17.219.35.145
687,Seymour,Luggar,sluggarj2@a8.net,Genderqueer,219.120.2.69
688,Sal,Bainton,sbaintonj3@sourceforge.net,Male,76.88.11.163
689,Harlen,Suthren,hsuthrenj4@flickr.com,Male,169.33.177.254
690,Tito,Creebo,tcreeboj5@vkontakte.ru,Male,21.112.152.234
691,Odey,Adams,oadamsj6@senate.gov,Male,117.101.100.58
692,Marysa,Notley,mnotleyj7@stanford.edu,Female,166.167.161.156
693,Pip,Coolican,pcoolicanj8@vk.com,Male,46.156.35.72
694,Westley,McQuorkel,wmcquorkelj9@google.com,Male,78.111.71.107
695,Mic,Lintall,mlintallja@techcrunch.com,Male,90.232.5.194
696,Cristin,Frye,cfryejb@technorati.com,Genderfluid,98.158.62.121
697,Eugenio,Buyers,ebuyersjc@moonfruit.com,Male,38.151.6.52
698,Florencia,Grayshan,fgrayshanjd@is.gd,Female,229.6.174.0
699,Hertha,Conyers,hconyersje@free.fr,Female,155.18.181.236
700,Kirstyn,McDugal,kmcdugaljf@artisteer.com,Female,198.227.68.134
701,Dorette,Hands,dhandsjg@hatena.ne.jp,Female,155.248.255.157
702,Lyell,Villaret,lvillaretjh@aboutads.info,Male,108.207.185.204
703,Louise,Hook,lhookji@ted.com,Female,61.122.26.135
704,Gwen,Martinetto,gmartinettojj@amazon.co.jp,Female,155.3.119.27
705,Thibaut,Scoggin,tscogginjk@intel.com,Male,33.212.34.59
706,Emmye,Kornas,ekornasjl@amazon.co.jp,Female,1.86.93.247
707,Manon,Capsey,mcapseyjm@mashable.com,Female,143.22.133.123
708,Ronnie,Lackeye,rlackeyejn@joomla.org,Female,75.212.29.135
709,Sigfried,Gorsse,sgorssejo@so-net.ne.jp,Male,161.81.224.62
710,Sheffy,Ching,schingjp@tinyurl.com,Male,230.169.105.118
711,Sari,Di Bernardo,sdibernardojq@themeforest.net,Female,60.11.166.125
712,Lemmy,Argrave,largravejr@craigslist.org,Male,46.248.148.120
713,Agace,Keoghane,akeoghanejs@4shared.com,Female,110.225.192.11
714,Peta,Gruszczak,pgruszczakjt@ihg.com,Female,194.47.120.233
715,Rodge,Saxelby,rsaxelbyju@pagesperso-orange.fr,Male,16.135.23.184
716,Ado,Cade,acadejv@ed.gov,Male,85.236.158.58
717,Cass,Pole,cpolejw@jalbum.net,Male,179.91.103.46
718,Laure,Bowhay,lbowhayjx@examiner.com,Female,176.255.61.211
719,Erna,Creaney,ecreaneyjy@themeforest.net,Female,231.207.254.62
720,Bran,Sousa,bsousajz@hugedomains.com,Male,216.149.69.4
721,Curtis,Lyddon,clyddonk0@flickr.com,Male,190.109.185.202
722,Angel,Kernocke,akernockek1@acquirethisname.com,Female,248.193.92.58
723,Sybilla,Greetland,sgreetlandk2@addtoany.com,Female,65.136.224.254
724,Holly,Marlon,hmarlonk3@sciencedaily.com,Female,182.79.192.146
725,Elspeth,Lailey,elaileyk4@whitehouse.gov,Female,43.118.2.85
726,Carry,Maytum,cmaytumk5@npr.org,Female,44.74.13.251
727,Archer,Finlator,afinlatork6@pinterest.com,Male,183.232.144.220
728,Zeke,Pizzie,zpizziek7@so-net.ne.jp,Male,114.32.198.205
729,Siegfried,Bausmann,sbausmannk8@ehow.com,Male,107.255.246.183
730,Malory,Pocke,mpockek9@domainmarket.com,Female,128.141.61.116
731,Sal,Casperri,scasperrika@dagondesign.com,Bigender,235.52.64.241
732,Raynor,Egglestone,regglestonekb@a8.net,Male,131.80.235.200
733,Heath,Redd,hreddkc@t.co,Male,41.17.135.22
734,Briana,Duval,bduvalkd@naver.com,Female,117.28.54.44
735,Ab,Itskovitz,aitskovitzke@ustream.tv,Male,16.235.203.155
736,Carmencita,Cosgreave,ccosgreavekf@amazon.co.uk,Female,157.72.144.224
737,Steward,Tilliard,stilliardkg@printfriendly.com,Male,123.103.151.36
738,Ilario,Halliday,ihallidaykh@bloomberg.com,Male,131.112.84.163
739,Nathanial,De Ferrari,ndeferrariki@opera.com,Male,208.73.255.241
740,Nickola,Wild,nwildkj@rediff.com,Male,204.51.133.136
741,Ronda,Pegler,rpeglerkk@deliciousdays.com,Female,219.52.152.191
742,Jesse,Borrel,jborrelkl@fc2.com,Female,169.137.240.166
743,Gordy,McNeill,gmcneillkm@vimeo.com,Male,79.229.218.139
744,Alyson,Kerswill,akerswillkn@furl.net,Female,95.211.144.53
745,Flossie,Abbys,fabbysko@hc360.com,Female,81.138.185.180
746,Tonia,Jado,tjadokp@whitehouse.gov,Female,157.247.219.84
747,Sara-ann,Edworthye,sedworthyekq@thetimes.co.uk,Female,0.251.137.18
748,Clio,Baud,cbaudkr@nyu.edu,Genderqueer,170.138.119.212
749,Peterus,Renner,prennerks@europa.eu,Male,216.89.106.26
750,Heidie,Sheach,hsheachkt@infoseek.co.jp,Female,35.240.53.136
751,Baudoin,Churchley,bchurchleyku@pen.io,Male,32.14.84.47
752,Puff,Thurbon,pthurbonkv@ow.ly,Male,91.176.148.126
753,Sanford,Mergue,smerguekw@edublogs.org,Male,59.174.15.58
754,Blane,Andryszczak,bandryszczakkx@gov.uk,Male,212.81.58.8
755,Edik,Demke,edemkeky@google.de,Male,118.101.26.59
756,Ann,Llewhellin,allewhellinkz@earthlink.net,Female,205.225.246.254
757,Shelton,Ornells,sornellsl0@tumblr.com,Genderqueer,79.105.39.229
758,Burr,Blaik,bblaikl1@google.nl,Male,198.237.141.2
759,Rourke,Lindeman,rlindemanl2@samsung.com,Male,228.93.228.45
760,Fenelia,Francesco,ffrancescol3@seesaa.net,Polygender,134.159.100.9
761,Giacobo,De Cristofalo,gdecristofalol4@yellowbook.com,Genderqueer,66.11.53.53
762,Chuck,Dunklee,cdunkleel5@webnode.com,Male,188.226.231.233
763,Constantin,Grayshan,cgrayshanl6@last.fm,Male,103.46.109.39
764,Hermy,Brightman,hbrightmanl7@acquirethisname.com,Male,203.43.47.232
765,Vladamir,Buterton,vbutertonl8@ft.com,Male,28.14.208.81
766,Guilbert,Gadman,ggadmanl9@yahoo.com,Male,126.228.158.117
767,Kesley,Bolduc,kbolducla@foxnews.com,Female,181.164.125.16
768,Lexi,Schreiner,lschreinerlb@mit.edu,Female,30.12.16.27
769,Ekaterina,Graalman,egraalmanlc@fda.gov,Agender,16.68.95.176
770,Chas,Godbolt,cgodboltld@zdnet.com,Genderfluid,11.17.136.157
771,Jannel,Tooher,jtooherle@fc2.com,Female,103.58.82.51
772,Herbert,Fairbanks,hfairbankslf@a8.net,Male,196.193.89.77
773,Gardner,Muckleston,gmucklestonlg@pen.io,Male,96.202.205.215
774,Fraze,Arnould,farnouldlh@paypal.com,Male,215.92.109.174
775,Samson,Deville,sdevilleli@etsy.com,Male,75.251.43.50
776,Ruperto,Oxterby,roxterbylj@istockphoto.com,Male,208.47.253.83
777,Sydel,Kennicott,skennicottlk@who.int,Female,191.4.69.247
778,Bobby,Hawkey,bhawkeyll@narod.ru,Male,60.209.34.43
779,Gretta,McCooke,gmccookelm@weebly.com,Female,203.211.119.97
780,Adrianne,Dumbreck,adumbreckln@gravatar.com,Female,126.69.201.230
781,Barty,Hablot,bhablotlo@g.co,Male,153.65.102.57
782,Cynthea,Weld,cweldlp@ustream.tv,Polygender,111.239.153.117
783,Debbie,Handsheart,dhandsheartlq@biglobe.ne.jp,Female,187.82.42.186
784,Cacilie,Chern,cchernlr@redcross.org,Female,120.173.248.83
785,Willey,Swindon,wswindonls@ox.ac.uk,Male,135.125.33.96
786,Maddy,Cottill,mcottilllt@cocolog-nifty.com,Male,22.105.245.176
787,Norton,Gaskall,ngaskalllu@bbb.org,Male,98.111.197.227
788,Griz,Scoullar,gscoullarlv@posterous.com,Male,99.100.0.81
789,Taffy,Drohane,tdrohanelw@oaic.gov.au,Female,205.197.179.32
790,Hettie,Connah,hconnahlx@businessweek.com,Female,70.9.56.23
791,Chip,Peterson,cpetersonly@nationalgeographic.com,Male,119.201.185.217
792,Benita,Pariso,bparisolz@vk.com,Female,130.187.51.11
793,Major,Geddis,mgeddism0@yellowbook.com,Male,15.5.42.174
794,Oswald,Masterman,omastermanm1@bigcartel.com,Male,193.158.211.200
795,Lucais,Loosley,lloosleym2@51.la,Male,141.77.197.127
796,Bucky,Malden,bmaldenm3@discuz.net,Male,13.26.217.237
797,Aila,Spain,aspainm4@slideshare.net,Female,108.191.149.56
798,Caz,Windham,cwindhamm5@reddit.com,Male,206.12.247.13
799,Daisie,Kilian,dkilianm6@scientificamerican.com,Female,169.209.108.81
800,Nora,Curr,ncurrm7@samsung.com,Female,4.66.224.73
